,summary,finalRatingStatus
171502,"While she did have a franchise to run a cafe in the Jewish hospital, the woman in the picture is herself not Jewish, as the OP is implying. Her franchise has since been reported to have been terminated.    https://www.cbc.ca/news/canada/montreal/second-cup-montreal-franchisee-1.7392084    https://www.linkedin.com/mwlite/feed/posts/stevefelder_note-to-mai-abdulhadi-its-generally-not-activity-7266237670429749248-QMiE    https://x.com/berylwajsman/status/1860727028275728385?t=yWZdcpmfNzq_ySq4IQOVng&amp;s=19",CURRENTLY_RATED_HELPFUL
77516,This screenshot is from an event that took place on 17 Oct 2023 when German delegation visited Israel.    https://www.timesofisrael.com/liveblog_entry/scholz-forced-to-lie-on-ground-at-airport-as-air-raid-siren-sounds-while-boarding-plane/    https://x.com/sara__si/status/1714363378708148588?s=20,CURRENTLY_RATED_HELPFUL
38225,As seen in the video the policeman is Mexican not British.    He is wearing a Mexican flag arm patch.    https://youtu.be/o5ngTtPaZKk?si=jmnkq8lzm3QezMAq,CURRENTLY_RATED_HELPFUL
46257,1.  The Rolling Stones have not added Israel to their current tour schedule: https://t.co/WPP4TkISK0  2. The quote attributed to Mick Jagger is an old fake. Here it is being debunked in 2014: https://honestreporting.com/mick-jaggers-false-quote-spreads-through-social-media/,CURRENTLY_RATED_HELPFUL
70856,This ad has nothing to do with Palestinians. It’s an inside joke.     https://www.el-shai.com/kfcs-no-tents-just-chicken-boycott/,CURRENTLY_RATED_HELPFUL
49753,"This video was taken in August 2013 in Cairo.  Known as Raba’ events, Egyptian security forces dispersed two camps of protesters in Cairo.    Original video:    https://www.youtube.com/watch?v=DH-TkZTcwEk    More information about the massacre:    https://en.m.wikipedia.org/wiki/Rabaa_massacre",CURRENTLY_RATED_HELPFUL
78613,Angelina Jolie never said this. This quote is fake. https://www.snopes.com/fact-check/jolie-terrorists-israel-quote/,CURRENTLY_RATED_HELPFUL
41129,"The first IDF post was deleted and reuploaded with the laptop screen blurred.     The Facebook account shown belongs to a different Israeli woman with the same name, as can be seen in Ynet's article linked below.     Pvt. Megidish was confirmed to be rescued on 30th Oct.      https://www.ynet.co.il/news/article/skuheccgp   https://amp.cnn.com/cnn/2023/10/31/middleeast/idf-ori-megidish-rescue-hamas-hostage-intl-hnk/index.html   https://www.bbc.co.uk/news/world-middle-east-67267585.amp ",CURRENTLY_RATED_HELPFUL
36870,"Although there are several American hostages being held by Hamas, the 500 the Senator is speaking of are US citizens that live in Gaza and are thus stuck there due to the conflict. They are not included in the Hamas hostage count.     https://www.cbsnews.com/amp/news/israel-hamas-war-gaza-americans-trapped-families-scared-and-betrayed/  ",CURRENTLY_RATED_HELPFUL
40710,"The tunnel in the picture is not the actual tunnels being referenced in the article. This picture has been used on multiple occasions when referencing tunnels from Gaza since 2014. It is not clear where the picture was actually taken, but the source links to Reuters.    https://www.aljazeera.com/features/2014/3/31/gaza-tunnel-closures-add-to-economic-crisis  https://m.jpost.com/breaking-news/report-material-for-gaza-reconstruction-diverted-to-hamas-for-tunnel-reparations-385178  https://m.jpost.com/opinion/on-my-mind-gazas-tunnels-513548",CURRENTLY_RATED_HELPFUL
60860,"The IDF withdrew its 36th Division from Gaza for an R&amp;R and training period, leaving 3 other divisions fighting Hamas in the Strip.    https://www.timesofisrael.com/liveblog_entry/idf-withdraws-one-of-four-divisions-from-gaza-for-rr-training/    This followed an Israeli announcement that it would begin pulling some soldiers out of Gaza in preparation for a new phase of the conflict.    https://amp.cnn.com/cnn/2024/01/01/middleeast/israel-to-withdraw-some-troops-from-gaza-intl/index.html",CURRENTLY_RATED_HELPFUL
159346,"This is a photoshopped, fake translation placed over the interview of former Israeli hostage Mia Schem on December 2023. Schem never complained about not being raped, but rather said that she was scared she would be raped.     https://ibb.co/MMQ9JsM    https://youtu.be/y02xPRX6vCE?si=JX6c_toAp0SlvczJ",CURRENTLY_RATED_HELPFUL
5884,"The context behind this photo is unclear. Some reports indicate it was taken in 2018, some 2014.    When the photographer posted it to his instagram in 2018, he made no mention of her house being destroyed, merely that she was from Gaza. He has not clarified the situation.    https://www.yahoo.com/entertainment/fact-check-photo-palestinian-child-173451262.html    https://thedispatch.com/article/palestinian-girl-crying-2018-fact-check/    https://www.dw.com/en/fact-check-children-used-as-a-propaganda-tool-in-the-israel-gaza-crisis/a-57571541",CURRENTLY_RATED_HELPFUL
29657,This building was destroyed via Israeli air strikes and is in Gaza.  This was also covered live on Al Jazeera.     https://x.com/EPropoganda1/status/1710707568396362148?s=20,CURRENTLY_RATED_HELPFUL
35805,This video originates from Algeria.    It does not depict the war in Gaza.    https://www.reuters.com/fact-check/israel-hamas-war-video-red-flares-fireworks-shows-algeria-not-gaza-2023-10-11/,CURRENTLY_RATED_HELPFUL
57532,The blast was caused by ammonium nitrate that was improperly stored near the city's cargo port. It had been sitting in a warehouse since 2014:  https://www.scientificamerican.com/article/how-could-the-beirut-explosion-happen-experts-explain/,CURRENTLY_RATED_HELPFUL
94197,"The facts are true, but the place and date are not. The events took place at Carthage airport in Tunisia in 2022, not in Morocco.    Source : https://www.youtube.com/watch?v=JzmA_-O-Lr8&amp;pp=ygUg2YXYt9in2LEg2YLYsdi32KfYrSDYp9mE2LTYsdi32Kk%3D",CURRENTLY_RATED_HELPFUL
31911,Issam was killed by an Israeli artillery strike near the Israel-Lebanon border.  https://www.businessinsider.com/reuters-journalist-died-after-crew-was-struck-by-israeli-artillery-2023-10,CURRENTLY_RATED_HELPFUL
76209,"This has been debunked by military experts. There are fuses in their normal containers, not bombs disguised as meat as claimed.     https://www.aap.com.au/factcheck/experts-dismiss-exploding-cans-claim/    https://www.politifact.com/factchecks/2024/feb/01/instagram-posts/no-viral-footage-doesnt-show-explosives-disguised/    https://observers.france24.com/en/middle-east/20240130-no-the-israeli-army-didn-t-drop-explosives-made-to-look-like-cans-of-food-into-gaza",CURRENTLY_RATED_HELPFUL
68533,The video of a well organised camp with tented shelter is stock footage of a Ukrainian refugee camp located in Moldova.    Not Gaza.    https://www.istockphoto.com/video/refugee-camp-with-many-shelter-and-living-place-refugees-from-ukraine-gm1386259471-444616192,CURRENTLY_RATED_HELPFUL
30552,This video was announcing that The Islamic Resistance - Hezbullah was going to carry out a rare public military drill that simulated raiding an Israeli base on the 21st of May.  https://twitter.com/lebupdates00/status/1658934399222571008?s=46&amp;t=H8UAeWrGoQKs_WSvoYfgMA  https://www.youtube.com/watch?v=vvvBnEdWazU,CURRENTLY_RATED_HELPFUL
68939,"The video clip used from 21 seconds onwards with tents and shelters on a field dates back to March 21st, 2022. It was filmed at a camp in Moldova next to the Ukrainian border for the refugees displaced by the war. It has thus nothing to do with Israel or Gaza.     Source: https://www.istockphoto.com/video/refugee-camp-with-many-shelter-and-living-place-refugees-from-ukraine-gm1386259471-444616192 ",CURRENTLY_RATED_HELPFUL
149588,"The boy was not detained, but taken care of by police due to lack of adult attendance. The father picked him up 90 minutes later.    https://x.com/polizeiberlin/status/1837824949500669981",CURRENTLY_RATED_HELPFUL
62934,"important context:    The artificial island is intended to be a transport hub and an industrial zone, and not &quot;an alternative homeland for Palestinians&quot;.    https://www.jpost.com/israel-hamas-war/article-783199#:~:text=Such%20an%20island%20could%20harbor%20a%20maritime%20port%2C%20an%20airport%2C%20a%20desalination%20plant%2C%20and%20an%20industrial%20zone    https://www.reuters.com/article/idUSKBN19J1XV/",CURRENTLY_RATED_HELPFUL
76508,"The Biden administration wants to build a port to enable a more efficient and safe way for aid to be delivered to the Palestinian people.    https://www.google.com/amp/s/abcnews.go.com/amp/Politics/sotu-biden-announce-emergency-us-military-mission-build/story%3fid=107889126    Exporting oil requires different, specific infrastructure.",CURRENTLY_RATED_HELPFUL
51929,The police of Hamburg have publicly stated that they're unaware of any such incident.    https://x.com/PolizeiHamburg/status/1738636652594000367,CURRENTLY_RATED_HELPFUL
163832,"There is no proof of Lisa's alleged boyfriend being a Zionist. The $120 million funding is for a cybersecurity firm, not the IDF.  https://rb.gy/8v27dr    Additionally, it’s reported that all proceeds from Lisa’s Global Citizen appearance were donated to support the children of Gaza and Sudan.    https://rb.gy/9rxhp7",CURRENTLY_RATED_HELPFUL
71729,Tiffany Haddish has been accused of grooming and CSA     https://www.nbcnews.com/news/amp/rcna46006    At least 60 accused pedophiles have fled from the US to Israel. Israel has been described as a ‘safe haven’ for pedophiles.    https://www.cbsnews.com/amp/news/how-jewish-american-pedophiles-hide-from-justice-in-israel/  https://www.independent.co.uk/news/world/israel-safe-haven-paedophiles-jerusalem-sex-abuse-jewish-community-watch-a7445246.html  ,CURRENTLY_RATED_HELPFUL
152416,Misinformation: This video is 3 years old from 14/Dec/2021 when Netanyahu was rushing to vote at Knesset. He had posted it on twitter.     https://x.com/netanyahu/status/1470499097303998471?t=ncnYzeAq2DVOQqmu2raf1g&amp;s=19    https://www.hidabroot.org/article/1162572,CURRENTLY_RATED_HELPFUL
38164,This is political satire from an old blog. It is being misinterpreted by some as factual  https://legalienate.blogspot.com/2010/06/psychiatrist-of-israeli-prime-minister.html?m=1,CURRENTLY_RATED_HELPFUL
29784,"Contrary to what has been claimed, the woman in the video is not an Israeli citizen, but a German citizen visiting Israel to take part in a peace-themed music festival.      https://www.blick.ch/ausland/militante-feiern-opfer-wie-eine-trophaee-diese-junge-deutsche-30-haben-die-hamas-terroristen-entfuehrt-id19020453.html    (here you can also find her instagram pictures (tatto etc. to identify))    https://www.bild.de/politik/ausland/politik-ausland/israeli-sieht-familie-auf-terror-video-die-hamas-hat-meine-frau-und-meine-kinder-85667396.bild.html",CURRENTLY_RATED_HELPFUL
39024,The video is the backstage of the short film &quot;The Reality&quot; shot in Lebanon by Lebanese actors to support the population of Gaza.     https://www.reuters.com/fact-check/filming-movie-shared-claim-israel-hamas-conflict-is-staged-2023-10-11/    Trailer of the movie on the director's Instagram   https://www.instagram.com/mahmoudramzi.official  https://www.instagram.com/reel/Cy8vWmir9Nj/?igshid=MDI3ODU5M2RlNw==,CURRENTLY_RATED_HELPFUL
170217,"This is a photo of Krasnodar, not Haifa.    https://en.m.wikipedia.org/wiki/Krasnodar",CURRENTLY_RATED_HELPFUL
125014,India is giving this aid to UNRWA. False equivalence to terror funding.      https://www.livemint.com/news/world/india-releases-usd-2-5-million-in-aid-for-palestine-refugees-days-after-backing-two-state-solution-with-israel-11721046734660.html    ,CURRENTLY_RATED_HELPFUL
144646,"&quot;The Jewish problem&quot; is a euphemism for the racist, genocidal Nazi theory that Jews are a corrupt and inferior race that is to blame on all of Germany's (and humanity's) problems. Their solution to this problem was first ethnic cleansing, and then the genocide of all Jews.   https://en.wikipedia.org/wiki/Jewish_question?wprov=sfti1#The_Nazi_%22Final_Solution%22  https://www.auschwitz.org/en/history/before-the-extermination/emigration-and-the-so-called-jewish-problem/  https://www.yadvashem.org/docs/report-on-jewish-problem-solution-galicia.html",CURRENTLY_RATED_HELPFUL
30640,The video shows a 2019 soccer match between Moroccan team Raja Casablanca and Palestinian team Hilal Al Quds at the Mohamed V stadium in Casablanca.    https://apnews.com/article/fact-checking-909101991741      https://www.youtube.com/watch?v=6LnMTRrnvCM,CURRENTLY_RATED_HELPFUL
74189,"This is inaccurate.    Layla Moran is the first MP of Palestinian descent, and has advocated strongly for humanitarian relief to Gaza, a ceasefire, and recognition of the Palestinian State.    Moran has several family members who live in Gaza.    https://inews.co.uk/news/politics/layla-moran-lib-dem-becomes-first-mp-palestinian-descent-elected-parliament-71424    https://www.theguardian.com/politics/2023/dec/19/foreign-policy-david-cameron-immediate-gaza-ceasefire    https://www.bbc.com/news/uk-politics-67139289",CURRENTLY_RATED_HELPFUL
172438,Image was posted 3 years ago by Facebook user.    https://www.facebook.com/101356491653422/photos/a.101380241651047/211064037349333/?type=3,CURRENTLY_RATED_HELPFUL
43984,Additional context needed for this quote. Elon Musk stated Isreal should be kind and rebuild the lives of the people in Gaza like what the United States did to Japan and Germany after the World War 2.   Link to the conversation:  https://x.com/netanyahu/status/1729112906242159005?s=46&amp;t=mj2byZZTAtlmeLKv_iPO4g ,CURRENTLY_RATED_HELPFUL
30045,"One of these videos is a fireworks celebration in Split, Croatia in 2020. It's got nothing to do with Gaza.      https://www.youtube.com/watch?v=0VmLR75CdxU",CURRENTLY_RATED_HELPFUL
167272,"False &amp; Misleading clickbait designed to drive users off X. The video claims footage of Bolton over Israel prior to Oct 7 2023 attacks link him to it... However, its well publicized footage from 2019 and not in danger of being taken down. More unfounded conspiracy theories.    https://www.upi.com/News_Photos/view/upi/13d6e025d422252dc8b850164fc99020/US-National-Security-Advisor-John-Bolton-in-Israel/",CURRENTLY_RATED_HELPFUL
38660,"These are illumination flares commonly used to provide light on a battlefield, not &quot;light bombs&quot; as the poster labels them.    Source  https://news.northropgrumman.com/news/releases/northrop-grumman-continues-illuminating-the-battlefield-for-us-army",CURRENTLY_RATED_HELPFUL
138639,AI-generated image. no source relays an attack on an American aircraft carrier.    you can see that it does not correspond to the American aircraft carrier    https://www.lepoint.fr/monde/yemen-un-navire-americain-abat-des-missiles-potentiellement-vers-israel-20-10-2023-2540083_24.php,CURRENTLY_RATED_HELPFUL
139725,"John F. Kennedy was assassinated in 1963 by Lee Harvey Oswald, an American.    Israel did not exist in 1947, but the Zionist paramilitary group Lehi allegedly sent mail bombs to the White House. This claim was never verified.    https://en.wikipedia.org/wiki/Assassination_of_John_F._Kennedy  https://archive.ph/20130111013038/http://news.google.com/newspapers?nid=1951&amp;dat=19721201&amp;id=s00xAAAAIBAJ&amp;sjid=AeIFAAAAIBAJ&amp;pg=2264,343939",CURRENTLY_RATED_HELPFUL
37428,"This is an edited, composite video of 2 different events.    The large crowd at the beginning is recorded by The Telegraph from March 2023- An organized protest regarding Israel's judicial reform.     https://www.youtube.com/watch?v=qLx88I6Dlac    The on site reporter is from ABC news from Oct. 14th.    https://abcnews.go.com/International/video/israeli-protestors-call-pm-netanyahu-traitor-103982146",CURRENTLY_RATED_HELPFUL
49614,"Misleading:    What he actually says is that 1,300 Jews died so far and there is a funeral every 5 minutes.    The post implies that the video is recent &amp; related to the ground operation in Gaza. The video is 2 month old of a soldier speaking in a yeshiva after the 7/10 massacre.    https://twitter.com/attilus/status/1713105766335254716?t=V0LZzUVmV54xHriR9NS33A&amp;s=19",CURRENTLY_RATED_HELPFUL
40805,"It has been confirmed by Israeli and other media that the parliament building in Gaza has been destroyed, but the building shown in this video is another building.    https://www.timesofisrael.com/liveblog_entry/military-demolishes-hamas-parliament-building-in-gaza-city/    https://twitter.com/manniefabian/status/1724837961835982979",CURRENTLY_RATED_HELPFUL
108776,"As you can clearly hear the police officer explain, he's arresting this man for shouting the slur &quot;KAPO&quot; at one of the Jewish protestors. Kapo is a serious slur to use against a Jew as it dates back to the Holocaust and refers to Jews who collaborated with the Nazis.  https://www.thejc.com/lets-talk/analysis/what-is-a-kapo-the-history-of-the-worst-insult-a-jew-can-give-another-jew-j61jwx06  https://allthatsinteresting.com/kapos",CURRENTLY_RATED_HELPFUL
59666,The Nazis planned &quot;the final solution&quot; to kill all Jews.  In particular they held the Wansee Conference where they detailed the count of Jews in every country and planned their genocide.    https://en.m.wikipedia.org/wiki/Wannsee_Conference,CURRENTLY_RATED_HELPFUL
98808,Attendees were booing the students that walked out not Jerry    https://www.foxnews.com/us/jerry-seinfeld-wife-applauds-duke-crowd-drowned-out-anti-israel-protesters-commencement-speech.amp,CURRENTLY_RATED_HELPFUL
47609,This incident occurred in February 2023 and shows &quot;Goyim Defense League&quot; founder Jon Minadeo II harassing Jewish people. Minadeo was sentenced to 30 days in jail for antisemitic littering.     https://twitter.com/BaruchSandhaus/status/1628429760622743553    https://www.timesofisrael.com/goyim-defense-league-founder-sentenced-to-30-days-for-antisemitic-littering/,CURRENTLY_RATED_HELPFUL
36855,"Houthis, a rebel group in Yemen, has effectively declared war in Israel. Yemen has not declared was on Israel.    https://amwaj.media/article/houthi-front#:~:text=Yemen's%20Ansarullah%20movement%2C%20better%20known,effectively%20declared%20war%20on%20Israel.",CURRENTLY_RATED_HELPFUL
38259,"Each Tamir interceptor missile for Iron Dome costs about $40,000 to $50,000, according to a researcher at Israel’s Institute for National Security Studies.    https://www.bloomberg.com/news/articles/2023-10-12/pentagon-owned-stocks-in-israel-transfered-to-defense-forces    https://www.inss.org.il/wp-content/uploads/systemfiles/MASA5-1Eng4_Shapir.pdf",CURRENTLY_RATED_HELPFUL
29561,"This is old footage that is being misrepresented as taking place recently in response to the recent clashes in Gaza and Southern Israel.    The airstrike depicted in the video took place in Gaza City on May 12th, 2021.    https://www.youtube.com/watch?v=Fo-ZU9g0QBk",CURRENTLY_RATED_HELPFUL
153067,This video is from Syria and has nothing to do with the IDF.     https://www.baladi-news.com/ar/articles/96808/%D8%AE%D8%B3%D8%A7%D8%A6%D8%B1-%D8%A8%D8%B5%D9%81%D9%88%D9%81-%D9%82%D9%88%D8%A7%D8%AA-%D8%A7%D9%84%D9%86%D8%B8%D8%A7%D9%85-%D8%A8%D8%B1%D9%8A%D9%81%D9%8A-%D8%AD%D9%84%D8%A8-%D9%88%D8%A7%D9%84%D9%84%D8%A7%D8%B0%D9%82%D9%8A%D8%A9,CURRENTLY_RATED_HELPFUL
30095,This video is not from Israel. It is a video of Argentinian football fans setting off fireworks: https://www.facebook.com/watch/?v=322064719177835,CURRENTLY_RATED_HELPFUL
40761,This is not from Gaza. The video shown is 10 years old and was filmed in Egypt. https://youtu.be/HfpTXcpCXl0?si=x6dQLVSG7Qn5evMe,CURRENTLY_RATED_HELPFUL
30187,"This is apparently an old video posted on TikTok 6 days ago, not related to this weekend's events in Israel and Gaza. https://twitter.com/theseeduneed/status/1711188312449261631    The original TikTok video can be seen here: https://www.tiktok.com/@memedkedir/video/7285424503692283142",CURRENTLY_RATED_HELPFUL
32430,Channel 10 in Israel closed down in Jan 2019       https://en.m.wikipedia.org/wiki/Channel_10_(Israel),CURRENTLY_RATED_HELPFUL
90650,This is a screen recording from a video game and not a real video. https://twitter.com/Savethebaconsy1/status/1781161035765792993?t=EY8ajb6ox-_TCKxy4K9bkA&amp;s=19,CURRENTLY_RATED_HELPFUL
97533,"The video is from a different event 14 years ago. Scroll to the middle of this video and see for yourself.  https://youtu.be/NvkxnFyl8PE?si=6Cs4raVL1jYEQ8bI    There were also protests against Israel and their lead singer in Malmo, but that is not what the video shows   https://www.bbc.com/news/world-europe-68986410.amp",CURRENTLY_RATED_HELPFUL
96061,"No divestment yet. The university merely announced that it will &quot;explore the removal of UCR's endowment tform the management of the UC Investments Office, and the investment of said endowment in a manner that will be financially and ethically sound sound for the university&quot;.    https://documents.ucr.edu/chancellor/May_3_ammended-agreement.pdf",CURRENTLY_RATED_HELPFUL
58421,Hamas is a sanctioned terrorist organization and it is prohibited by law in the United States to provide any service to a sanctioned person or organization.    https://www.dni.gov/nctc/groups/hamas.html  https://www.dni.gov/nctc/ftos/hamas_fto.html  https://www.state.gov/foreign-terrorist-organizations/  https://ofac.treasury.gov/specially-designated-nationals-and-blocked-persons-list-sdn-human-readable-lists,CURRENTLY_RATED_HELPFUL
119521,"The original video clearly shows that it was not taken in Gaza.    Based on the caption of the earliest upload, this video features a child from Azerbaijan eating raw sorrel, a type of leaf commonly used in local cuisine.    https://www.instagram.com/p/C6YCZ0sNBcV/?ig_mid=7FA7A60F-6794-44EF-B13E-1FEB73BB1997&amp;utm_source=igweb&amp;fall_back_to_web=false",CURRENTLY_RATED_HELPFUL
65811,"The State Department has confirmed that Gil is not entitled to claim diplomatic immunity and he is facing charges. Diplomatic immunity is afforded to certain diplomats, consular staff and in some cases dependents with restrictions varying according to position, not religion.    https://www.local10.com/news/local/2024/02/01/state-department-no-immunity-for-israeli-diplomats-son-accused-of-running-over-sunny-isles-beach-cop/",CURRENTLY_RATED_HELPFUL
31946,Footage showing CNN journalists taking shelter from rockets near the Israel-Gaza border has been altered to include a fabricated voiceover directing them to stage their coverage.    https://www.reuters.com/fact-check/fake-audio-added-cnn-video-israel-hamas-war-coverage-2023-10-11/,CURRENTLY_RATED_HELPFUL
152362,"Israeli political leaders have equated Iran's attacks to a &quot;declaration of war”; however, neither party, Israel or Iran, has issued a formal declaration of war at the time this tweet was written.     https://www.jpost.com/middle-east/iran-news/article-822870    https://apnews.com/article/israel-lebanon-hezbollah-gaza-news-10-01-2024-eb175dff6e46906caea8b9e43dfbd3da     https://web.archive.org/web/20241001184913/https://www.nbcnews.com/news/world/live-blog/israel-hezbollah-live-updates-idf-ground-operation-lebanon-rcna173389",CURRENTLY_RATED_HELPFUL
65968,This is a scene from an upcoming movie that redramatizes the events of October 7. It is not actual footage from the October 7 Hamas attack.    https://www.mako.co.il/nexter-news/Article-719aa7cab1b5d81027.htm,CURRENTLY_RATED_HELPFUL
107188,"A staged photo taken by artist Abdul Aziz al Otaibi    The graves are but piles of stones, the orphan was not an orphan but the photographer’s nephew, the image itself was actually taken in Saudi Arabia.  Here is an article about the photo itself: beirut.com/en/30914/this-…    Artists tweet Aziz: x.com/azizphotos/sta…",CURRENTLY_RATED_HELPFUL
31986,Experts have exposed an account “masquerading” as a Qatari news source that has spread false reports on an alleged Qatari threat to cut its gas supplies to the world if Israel continues to bomb the besieged Gaza Strip.  https://dohanews.co/gaza-experts-debunk-fake-news-on-qatar-gas-supply-threats/  https://checkyourfact.com/2023/10/12/fact-check-did-qatar-threaten-to-stop-gas-supplies-to-the-world-if-bombing-of-gaza-did-not-stop/,CURRENTLY_RATED_HELPFUL
59971,"Important context:  &quot;Recruiting and using children under the age of 15 as soldiers is prohibited under international humanitarian law – treaty and custom – and is defined as a war crime by the International Criminal Court.&quot;    https://childrenandarmedconflict.un.org/six-grave-violations/child-soldiers/#:~:text=Recruiting%20and%20using%20children%20under,by%20the%20International%20Criminal%20Court.",CURRENTLY_RATED_HELPFUL
34218,"This is the Welfare Party Kerala (India), marching in solidarity with Palestinians. The flag is their own flag, of which there are several different versions.     https://www.flickr.com/photos/welfare-party/16766803055    Their party name is on the banner at the front of the march.     https://welfareparty.in/    https://www.facebook.com/welfarepartykerala/",CURRENTLY_RATED_HELPFUL
70512,"This Israeli song only consists of two lyrics:    “ The people of Israel live,”    “ our Father still lives!”    https://www.zemirotdatabase.org/view_song.php?id=383",CURRENTLY_RATED_HELPFUL
123136,This image has been taken from @BorisGrohArt of a drawing of a Russian Kh-101 that struck from the Okhmatdyt Children's Hospital in Kyiv on July 8th 2024.  https://x.com/BorisGrohArt/status/1811058065648624119    The Israeli flag has also been deceptively placed over the turbojet to hide the fact that it is a Russian Kh-101.  https://en.wikipedia.org/wiki/Kh-101,CURRENTLY_RATED_HELPFUL
41609,"Per Adrienne Watson, the spokesperson from the National Security Council @NSC_Spox:    &quot;We have not reached a deal yet, but we continue to work hard to get to a deal.&quot;    https://x.com/NSC_Spox/status/1726064620387897370?s=20",CURRENTLY_RATED_HELPFUL
62938,"This is false.    The artificial island project presented by Israeli Foreign Minister Katz is intended to be a transport hub and an industrial zone, and not &quot;an island for the Palestinians&quot;    https://www.jpost.com/israel-hamas-war/article-783199#:~:text=Such%20an%20island%20could%20harbor%20a%20maritime%20port%2C%20an%20airport%2C%20a%20desalination%20plant%2C%20and%20an%20industrial%20zone    https://www.reuters.com/article/idUSKBN19J1XV/",CURRENTLY_RATED_HELPFUL
96344,This is not a letter from the United States Senate but rather from a group of 12 Republican senators.    https://www.thegatewaypundit.com/2024/05/republican-senators-warn-icc-chief-prosecutor-regarding-netanyahu/?utm_source=rss&amp;utm_medium=rss&amp;utm_campaign=republican-senators-warn-icc-chief-prosecutor-regarding-netanyahu,CURRENTLY_RATED_HELPFUL
95591,This is a digitally altered photo. Previous versions of this photo can be found as far back as December 2023:  https://www.dailymail.co.uk/sport/mma/article-12900523/Israeli-MMA-fighter-Haim-Gozali-takes-credit-Kanye-Wests-written-IDF.html  https://www.tmz.com/2023/12/26/kanye-west-apologizes-jewish-community-antisemitic-rants/  https://tineye.com/search/878b0be925ecd21f07c7f897ecc11a08ef04a70a?sort=score&amp;order=desc&amp;page=1,CURRENTLY_RATED_HELPFUL
36688,"Jesus Christ was given up to the Romans by the High Priest Caiaphas who was a Jew. This post is factually wrong.     https://bible.usccb.org/bible/matthew/26#:~:text=3*%20Then%20the%20chief%20priests,a%20riot%20among%20the%20people.%E2%80%9D",CURRENTLY_RATED_HELPFUL
88617,This image is circulating with false claims that this is an explosion in Tehran now.    It is not current.    This image is from an explosion at an Iranian oil refinery in 2021.     https://www.iranintl.com/en/202312179537    https://www.standard.co.uk/news/uk/iran-warship-sinks-gulf-oman-oil-refinery-b938492.html    https://www.timesofisrael.com/massive-fire-breaks-out-at-oil-refinery-near-irans-capital/ ,CURRENTLY_RATED_HELPFUL
107327,"Mexico's president, Claudia Sheinbaum Pardo, Did not use gas or any other method of violence against said protestors.  She also has said in an interview that she doesn't condone any kind of violence against innocent civilians of palestine.    https://www.capital21.cdmx.gob.mx/noticias/?p=13707  https://www.youtube.com/watch?v=rQlPhH25fgQ",CURRENTLY_RATED_HELPFUL
126310,There are currently 5 US citizens being held hostage in Gaza. As such Trump is referring to our (the United States’) hostages.    https://www.washingtonexaminer.com/magazine-features/2995502/hamass-hostages-who-are-the-five-remaining-americans-still-held-by-the-terror-group/,CURRENTLY_RATED_HELPFUL
78360,"Calling into question the &quot;viability&quot; of an ethnic group, such as Jews, is racist and can be considered a call to genocide per the UN's Genocide Convention.    https://www.un.org/en/genocideprevention/documents/Genocide%20Convention-FactSheet-ENG.pdf    https://www.apa.org/topics/racism-bias-discrimination",CURRENTLY_RATED_HELPFUL
152474,"Prime Minister Benjamin Netanyahu was hurrying to a close vote on the night of December 14th, 2021, in the Knesset, the Israeli parliament.    This is completely unrelated to finding shelter from the Iranian missiles on October 1, 2024 (nearly three years later).    https://www.kikar.co.il/political-news/407728    https://www.hidabroot.org/article/1162572    https://x.com/netanyahu/status/1470499097303998471",CURRENTLY_RATED_HELPFUL
31925,Experts have exposed an account “masquerading” as a Qatari news source that has spread false reports on an alleged Qatari threat to cut its gas supplies to the world if Israel continues to bomb the besieged Gaza Strip.  https://dohanews.co/gaza-experts-debunk-fake-news-on-qatar-gas-supply-threats/  https://checkyourfact.com/2023/10/12/fact-check-did-qatar-threaten-to-stop-gas-supplies-to-the-world-if-bombing-of-gaza-did-not-stop/,CURRENTLY_RATED_HELPFUL
89371,"Samsung Next, which is only one branch of Samsung, has ceased operations in Israel due to difficult economic circumstances. Samsung as a whole continue to operate in Israel.    https://www.newarab.com/news/samsung-next-leaves-israel-economy-suffers-gaza-war?amp",CURRENTLY_RATED_HELPFUL
40806,"It has been confirmed by Israeli and other media that the parliament building in Gaza has been destroyed, but the building shown in this video is another building.    https://www.timesofisrael.com/liveblog_entry/military-demolishes-hamas-parliament-building-in-gaza-city/    https://twitter.com/manniefabian/status/1724837961835982979",CURRENTLY_RATED_HELPFUL
31027,"Yoav Gallant's actual statement:    &quot;I have released all the restraints, we have regained control of the area &amp; we are moving to a full offensive. Whoever comes to decapitate, murder women, Holocaust survivors - we will eliminate him with all our might &amp; without compromise&quot;    https://www.timesofisrael.com/liveblog_entry/us-defense-secretary-phones-gallant-for-third-time-in-four-days-to-discuss-gaza-war/",CURRENTLY_RATED_HELPFUL
32516,"The last elections in Palestine were held in 2006.    https://www.newarab.com/news/after-18-years-hamas-ready-municipal-elections-gaza    https://en.m.wikipedia.org/wiki/2006_Palestinian_legislative_election    Nearly half of Palestinians are under 18 and were all either not alive in 2006, or could not vote.     https://www.npr.org/2023/10/11/1205017249/how-to-talk-to-children-violence-israeli-palestinian-gaza-hamas  ",CURRENTLY_RATED_HELPFUL
152420,Misinformation: This video is 3 years old from 14/Dec/2021 when Netanyahu was rushing to vote at Knesset. He had posted it on twitter.     https://x.com/netanyahu/status/1470499097303998471?t=ncnYzeAq2DVOQqmu2raf1g&amp;s=19    https://www.hidabroot.org/article/1162572,CURRENTLY_RATED_HELPFUL
41984,"There is no basis for such statement. Ione Belarra's non-participation is a political matter unrelated to Palestine. One of the new ministers is Sira Rego, of Palestinian origin, who has often been critical of the Israeli conflict.    https://elpais.com/espana/2023-11-20/estos-son-los-ministros-que-dejan-el-gobierno-en-la-nueva-legislatura-de-pedro-sanchez.html    https://www.eldiario.es/politica/sira-rego-eurodiputada-iu-raices-palestinas-sera-nueva-ministra-juventud-e-infancia_1_10692544.html",CURRENTLY_RATED_HELPFUL
48859,"This is actually a device that removes old tile layer from a chimney.  The video, from Interesting Engineering, is at least 3 months old, completely unrelated to the Gaza conflict.  https://youtube.com/shorts/-R4ESzDmFhw?si=mXuGWyhCy4uOEPi5",CURRENTLY_RATED_HELPFUL
31744,This is from May 2021 and shows Palestinians and Lebanese protesting along the Lebanese border with Israel.  https://x.com/ree_mii2002/status/1393848369328574464?s=46  https://www.naharnet.com/stories/en/281589,CURRENTLY_RATED_HELPFUL
37028,'This video from RT Arabic was aired June 2021 while reporting on the elaborate tunnel network in Gaza.'    https://twitter.com/RTarabic/status/1404438237502971906  (Archive: https://archive.ph/rHYk9)    Factcheck:  https://www.boomlive.in/fact-check/viral-video-news-report-israel-palestine-militant-group-hamas-tunnel-network-social-media-claims-23509,CURRENTLY_RATED_HELPFUL
138539,"This is false, footage of the aftermath of the attack showed parts identified as belonging to the GBU-39 small diameter bomb, not the Hellfire R9X &quot;Ninja&quot; missile.    https://www.cnn.com/2024/08/10/middleeast/israeli-school-strike-gaza-intl-hnk/index.html  https://x.com/goodwinallegra/status/1822248347761070223  https://x.com/Easybakeovensz/status/1822999364681245085",CURRENTLY_RATED_HELPFUL
47103,The original Haaretz headline is &quot;Did Hamas Make Millions Betting Against Israeli Shares Before October 7 Massacre?&quot;. Leaving the question in the air without an answer as it states &quot;... But somebody seemingly knew in advance and made billions betting against Israeli shares...&quot;  https://www.haaretz.com/israel-news/2023-12-04/ty-article-magazine/.premium/did-hamas-make-billions-betting-against-israeli-shares-before-october-7-massacre/0000018c-348d-d5f2-a5cc-769d7bea0000  ,CURRENTLY_RATED_HELPFUL
129773,Please note that the event discussed was not held during the Paris Olympics. It took place in 2023 and was also reported by i24NEWS.     https://x.com/i24NEWS_EN/status/1726144051735404559,CURRENTLY_RATED_HELPFUL
57649,This photo has been digitally altered. The original photo is from a Pro-Palestinian rally in 2021:  https://www.instagram.com/p/CO8NhwMAaCr/?img_index=1,CURRENTLY_RATED_HELPFUL
35980,"This video is from 2019. The boy in the video, identified as Zain Abdeen Ashraf Idriss, 9, was accused by the soldiers to have thrown stones at them before going to school that morning. He was released later in the day:  https://gulfnews.com/world/mena/video-israeli-army-arrest-boy-9-from-school-goes-viral-1.1553582989935",CURRENTLY_RATED_HELPFUL
154788,"Russia has repeatedly targeted hospitals, aid workers, and first responders.     https://en.m.wikipedia.org/wiki/Russian%E2%80%93Syrian_hospital_bombing_campaign",CURRENTLY_RATED_HELPFUL
66778,"Tropical Glacier Cotinga,Maybe you should save your propaganda opinions for the comments, factually, there is no genocide in Gaza.Factually, parts of UNRWA are Hamas operatives.In addition, UNRWA allows Hamas to use many parts of its facilities and this has been proven years ago.    https://worldpopulationreview.com/world-cities/gaza-population",CURRENTLY_RATED_NOT_HELPFUL
68609,"The original post with the stock photo was deleted, however Israel has consistently claimed aid was being provided &amp; this has been at least partially confirmed from groups such as WFP.    https://twitter.com/cogatonline/status/1753134957671661728    https://twitter.com/WFP/status/1756581389258944876",CURRENTLY_RATED_NOT_HELPFUL
33024,"Un Gaza there os no light, but in the vídeo YouTube can see houses Whith light. https://www.elconfidencial.com/mundo/2023-10-11/se-apaga-la-ultima-luz-en-gaza-la-central-electrica-se-queda-sin-combustible_3752577/",CURRENTLY_RATED_NOT_HELPFUL
105056,"Hamas has no modern weapons capable of doing this amount of damage to a vehicle, however israel does as it was later reported by the Cradle Israel killed its own civilians “accidentally” via helicopter -https://thecradle.co/articles-id/13111#:~:text=An%20Israeli%20police%20investigation%20into,Haaretz%20reported%20on%2018%20November.",CURRENTLY_RATED_NOT_HELPFUL
100832,Israel is not a country    https://en.wikipedia.org/wiki/Israel,CURRENTLY_RATED_NOT_HELPFUL
68511,"Tate is charged for creating a criminal organization, human trafficking and rape in continous form, he is investigated for money laundry, tax evasion and trafficking minors in Romania.  Trail will start this year.  He showed with facts, he don't cares about protecting innocents. https://www.docdroid.net/kxw0PEr/indictment-en-pdf",CURRENTLY_RATED_NOT_HELPFUL
143872,This image is from 2021 at the latest.    https://www.newsweek.com/hamas-hamas-jews-gas-dutch-police-investigating-anti-semitic-chant-ahead-soccer-game-1585469,CURRENTLY_RATED_NOT_HELPFUL
66894,"Israel tortures every human being no matter what they are, even UN workers.",CURRENTLY_RATED_NOT_HELPFUL
65807,"NNN nobody can say with any certainty these people are alive so it is equally possible that they are dead.  Israel has offered no info on their condition, whereabouts, or status so the presumption of death is valid considering Israel's history.",CURRENTLY_RATED_NOT_HELPFUL
144185,Nnn - It’s asking a (rhetorical?) question. Answer should be in comments not on CN,CURRENTLY_RATED_NOT_HELPFUL
131019,"There is no mention or claim of rape in Israeli media,     Only in English Media was the word rape used, in Israel only the word Abuse.    This was of one single prisoner who claims he was abused, he wasn’t found and hospitalized    The current stance reported https://www.jpost.com/breaking-news/article-812413",CURRENTLY_RATED_NOT_HELPFUL
78298,"Israel is a country located in the Middle East and it is the only Jewish nation in the world  and the only democracy in the Middle East, which is why people like to pretend that is does not exist because it is simply a Jewish country.  https://www.britannica.com/place/Israel  https://en.m.wikipedia.org/wiki/Israel",CURRENTLY_RATED_NOT_HELPFUL
104785,"Israel have publicly stated that they have rejected a ceasefire on numerous occasions. As the Israeli prime minister Netanyahu has said repeatedly, the goal is to completely control the region.    https://www.aljazeera.com/amp/news/2024/5/7/the-goal-is-to-destroy-gaza-why-israel-rejects-a-ceasefire-with-hamas    https://news.sky.com/story/amp/israels-benjamin-netanyahu-rejects-ceasefire-deal-that-would-leave-hamas-intact-13129727    https://amp.theguardian.com/world/2024/feb/07/netanyahu-rejects-gaza-ceasefire-deal-and-says-victory-is-within-reach-israel  ",CURRENTLY_RATED_NOT_HELPFUL
108384,NNN - you are not providing a necessery note but adding information that is not directly related to the post,CURRENTLY_RATED_NOT_HELPFUL
34528,"NNN. If you disagree with the opinion expressed, use replies.",CURRENTLY_RATED_NOT_HELPFUL
112192,NNN - Hamas has a new charta since 2017. The organization views changed extremly.,CURRENTLY_RATED_NOT_HELPFUL
39246,NNN. Why must so many bird brain morons have access to the community notes? ,CURRENTLY_RATED_NOT_HELPFUL
58275,"Remember when your source claimed that Israel killed 500 at Al-Ahli hospital?  Now we know it was a misfire that landed in a parking lot.  Well, those 500 fake deaths are still in your figures.    And hamas uses child and women soldiers.    https://www.voanews.com/a/hrw-rocket-misfire-likely-caused-deadly-gaza-hospital-blast/7370998.html",CURRENTLY_RATED_NOT_HELPFUL
32002,The T-Shirt is green and the top is red. It could be blood. ,CURRENTLY_RATED_NOT_HELPFUL
104148,"Israel did not deliberately slaughter innocent people. Israeli Air Force uses it's best technologies (the best technologies on earth) to avoid hurt innocent people, on every attack. However, some times, when terrorists hide inside refugee camps, accidents happens.     https://en.wikipedia.org/wiki/Israeli_Air_Force      ",CURRENTLY_RATED_NOT_HELPFUL
46655,"NNN The wikepedia source mentions resettlement after establishment of Israel, not expulsion.  &quot;An estimated 650,000 (72%) of these Jews resettled in Israel&quot;    Also, it is a factually correct claim that Jews were expelled out of Europe (multiple times).  No CN is needed.    https://www.jewishvirtuallibrary.org/expulsions    https://en.m.wikipedia.org/wiki/Jewish_exodus_from_the_Muslim_world#:~:text=Primarily%20a%20consequence%20of%20the,these%20Jews%20resettled%20in%20Israel.",CURRENTLY_RATED_NOT_HELPFUL
30893,Hamas is the government of the Palestinians in Gaza.  The Palestinian Authority is the government for the West Bank.  Palestinians in Gaza are represented by Hamas.  https://en.wikipedia.org/wiki/Hamas_government_of_2012,CURRENTLY_RATED_NOT_HELPFUL
31105,Because of the war we still do not know what the Palestinians (the civils) are thinking ,CURRENTLY_RATED_NOT_HELPFUL
96848,Hamas agreed to a ceasefire; Israel chose war.    https://youtu.be/5LNKZyIYBE8  Israel-Hamas latest: IDF controls Rafah crossing as ceasefire talks stall,CURRENTLY_RATED_NOT_HELPFUL
45868,"The post disregard the fact of releasing several falsely news by the Israeli authorities that was confirmed untrue incidents. Starting with the 40 beheaded babies, killing 200 in concert (was done by the IDF itself) and ending by carrying sexual assault  https://www.factcheck.org/2023/10/what-we-know-about-three-widespread-israel-hamas-war-claims/",CURRENTLY_RATED_NOT_HELPFUL
149973,"IDF bombed the Gaza Strip on 23, 24, and 25 September 2023 https://apnews.com/article/israel-palestinians-west-bank-military-gaza-yom-kippur-ba539fdd4b36b786cf55ba6a420a12cc  https://www.middleeastmonitor.com/20240306-mehdi-hasan-debunks-top-7-lies-about-gaza/    IDF resumed bombing Gaza at 9:45am on 7 October https://www.aljazeera.com/news/longform/2023/10/9/israel-hamas-war-in-maps-and-charts-live-tracker  https://youtu.be/3ypYZ2vLkVY    On the 17 October 2023 the IDF authorized a strike on 4 multistorey residential buildings in the Gaza Strip that they knew would kill 300 civilians. https://www.972mag.com/mass-assassination-factory-israel-calculated-bombing-gaza/  https://www.cbc.ca/radio/frontburner/israel-accused-of-using-ai-to-choose-gaza-targets-transcript-1.7166577  ",CURRENTLY_RATED_NOT_HELPFUL
113421,I'm not sure Senator Schumer's BBQ is Kosher.  https://www.chabad.org/library/article_cdo/aid/113425/jewish/What-Is-Kosher.htm,CURRENTLY_RATED_NOT_HELPFUL
88243,NNN   Take your Zionist propaganda to the comments. Don't abuse CN.,CURRENTLY_RATED_NOT_HELPFUL
87132,"NNN    The proposed Notes miss the point that Daqqa served his full sentence for the killing of the Israeli soldier. He was sentenced in 1984 to 36 yrs. He got a 2 yr extension, despite having cancer, for smuggling mobile phones into prison https://www.thenationalnews.com/news/mena/2024/04/08/walid-daqqa-israel-prisoner/    https://www.reuters.com/world/middle-east/amnesty-international-urges-israel-return-body-ailing-palestinian-who-died-2024-04-08/",CURRENTLY_RATED_NOT_HELPFUL
135568,Hamas and the Islamic Jihad use child soldiers in the war against Israel  https://www.foxnews.com/world/exclusive-hamas-islamic-jihad-accused-using-child-soldiers-war-against-israel    Hamas and PIJ exploit young children for terrorist activities in Gaza  https://www.jpost.com/israel-hamas-war/article-780613    Palestinian Child soldiers in Samaria (west bank)  https://x.com/Osint613/status/1802306050114101304?t=Lq4qg_Yr51WbXiLEQmWd2A&amp;s=19    Palestinian Child soldiers:  https://twitter.com/NiohBerg/status/1797206129941836071/video/1   https://x.com/OliLondonTV/status/1793583055216509046?t=MpKmx5pVH7GpvG_K4Ptr5w&amp;s=19  https://jcpa.org/article/palestinian-teenage-terror-inherently-illegal-but-does-anyone-care/  https://x.com/VividProwess/status/1821509155808494064,CURRENTLY_RATED_NOT_HELPFUL
88809,Joe Biden is not writing nor making these posts. This account should be flagged as such.  https://www.independent.co.uk/news/world/americas/us-politics/karine-jean-pierre-twitter-biden-mishap-b2394032.html,CURRENTLY_RATED_NOT_HELPFUL
85252,"The British Mandate of Palestine, or Mandatory Palestine, was a Palestinian State that existed from 1920-1948, despite it being a puppet state, it was a state nonetheless, people born under it were Palestinian, as said in the Palestinian Citizenship Order of 1925    https://en.wikipedia.org/wiki/Palestinian_Citizenship_Order_1925",CURRENTLY_RATED_NOT_HELPFUL
113090,White Supremacy include hate of Jews “antisemitism”.   https://www.splcenter.org/fighting-hate/extremist-files/ideology/antisemitism  https://www.univision.com/univision-news/united-states/why-do-white-supremacists-hate-white-jews-so-much    https://en.m.wikipedia.org/wiki/White_supremacy,CURRENTLY_RATED_NOT_HELPFUL
65502,  Their  hands  were tight  and ther  eyes  were  covered   A Hebrew  words  were written  on the tights on ther  hands ,CURRENTLY_RATED_NOT_HELPFUL
46730,NNN.   zionists too scared to comment with their pictures/names because they know they're in the wrong so they come and abuse the community notes. enough.,CURRENTLY_RATED_NOT_HELPFUL
158327,The IDF has published a video where Yahya Sinwars wife is seen carrying a black bag. Choose another frame from this video than the IDF Arabic Spokesperson did and it easily shows this is not a Birkin bag.     https://m.jpost.com/israel-news/article-825247    https://x.com/Israel/status/1847783865643143264?t=77cZnF71LxsmKMes71Gveg&amp;s=19    https://x.com/LockMona/status/1847876263148491095?t=jVTa2fhsaIQfdPkREPSHOg&amp;s=19    ,CURRENTLY_RATED_NOT_HELPFUL
88916,Iran damaged the Ramon airbase which was used to strike the Iranian embassy in Syria.     This was a retaliation by Iran after Israel attacked their embassy.   Iran does not kill innocents like Israel has been doing over the last 6 months   https://www.chathamhouse.org/2024/04/strike-irans-consulate-syria-could-be-spark-ignites-middle-east,CURRENTLY_RATED_NOT_HELPFUL
55735,"She wasn't forced to resign for being a black African but by the power of Zionists lobby in America, she was accused of not responding to antisemitism on campus and of not adequately condemning the attacks of Hamas on Israel recently..she fighter for free speech only    https://en.wikipedia.org/wiki/Claudine_Gay",CURRENTLY_RATED_NOT_HELPFUL
39351,The people in the video claim they have been hit by an air strike. Hamas doesn’t have this capability. Israel has the capability to conduct air strikes.     https://www.flyingmag.com/what-the-israeli-air-force-has-in-the-sky/,CURRENTLY_RATED_NOT_HELPFUL
40156,gaza is the largest open air prison in the world    https://www.hrw.org/news/2022/06/14/gaza-israels-open-air-prison-15    https://www.nrc.no/news/2018/april/gaza-the-worlds-largest-open-air-prison/    https://www.thinkglobalhealth.org/article/open-air-prison-gazas-worsening-health-and-humanitarian-crises  ,CURRENTLY_RATED_NOT_HELPFUL
72636,"Judging by the Israeli flag emoji, we can reasonably assume this user is a regular connoisseur of children dying and mocking their deaths.    https://interactive.aljazeera.com/aje/2024/israel-war-on-gaza-10000-children-killed/",CURRENTLY_RATED_NOT_HELPFUL
42388,"NNN. The official definition of Arab is: &quot;a member of a Semitic people, originally from the Arabian peninsula and neighbouring territories, inhabiting much of the Middle East and North Africa.&quot;    Jesus was (or could have been) Arab and Jewish at the same time  https://www.google.com/search?sca_esv=584551767&amp;rlz=1C1GCEA_enBE1010BE1010&amp;q=arab&amp;si=ALGXSlbay8QErRaW9ftxx-jGNHSqpPhubLCp_fX2TWJtjr7zqJAHq5gNoc3qI0ptAhyA0J5u53HpJG_hHoGf5UV7X6J2AUHT_Q%3D%3D&amp;expnd=1&amp;sa=X&amp;ved=2ahUKEwj99sLxudeCAxWBtqQKHbWrD3cQ2v4IegQIDhAe&amp;biw=1280&amp;bih=610&amp;dpr=1.5",CURRENTLY_RATED_NOT_HELPFUL
34262,"Since 1776, the U.S. has only been at peace for 17 years.    https://www.warhistoryonline.com/history/usa-only-17-years-of-peace.html",CURRENTLY_RATED_NOT_HELPFUL
53974,"This is misleading, as she said in a video massage after her release that &quot;[The] people [the hostage taker] were very kind to me, [...] the food was good [as well as] the kindness&quot;. https://twitter.com/IsraelGovParody/status/1740735711954018393 ",CURRENTLY_RATED_NOT_HELPFUL
36376,This is propaganda from Israel’s security services. These claims have been debunked by Israeli media.   https://x.com/qudsnen/status/1718547315764441095?s=46&amp;t=6RQTqvw-x4nVy0BSo_JwqQ,CURRENTLY_RATED_NOT_HELPFUL
32036,There is no evidence they are used as human shields . Kidnapped yes .,CURRENTLY_RATED_NOT_HELPFUL
92638,"The post does not deny the genocide, if you think its important that the perpetrators be named then put that in the replies.",CURRENTLY_RATED_NOT_HELPFUL
31691,"This comment inaccurately claims Hamas terrorists are no different from ISIS, citing similar tactics and traits. Such comparisons in political discourse can fuel polarized debates. Encouraging fact-based discussions and diverse viewpoints is vital for clarity.",CURRENTLY_RATED_NOT_HELPFUL
127181,"Biden endorses Kamala Harris, his vice-president, to be the new Democratic nominee; she says she'll do &quot;everything in my power to ... unite our nation to defeat Donald Trump&quot;     https://www.bbc.co.uk/news/live/cv2gryx1yx1t",CURRENTLY_RATED_NOT_HELPFUL
74552,No Palestinian hostages. Just terrorists.   https://www.ajc.org/news/what-is-known-about-israeli-hostages-taken-by-hamas  ,CURRENTLY_RATED_NOT_HELPFUL
68329,"According to Unrwa, the majority of Palestinian refugees live in situations of poverty and even in countries like Lebanon they cannot carry out professional jobs.    https://unrwa.es/actualidad/sala-de-prensa/morir-por-la-pobreza-no-seria-muy-diferente-a-morir-en-el-mar/",CURRENTLY_RATED_NOT_HELPFUL
52654,Precision of thought and information should be valued.,CURRENTLY_RATED_NOT_HELPFUL
38584,"No Israeli government has sought to “improve the economic reality in Gaza” since the state of Israel began blockading Gaza in 2007.   Source: https://wikipedia.org/wiki/Blockade_of_the_Gaza_Strip#:~:text=In%202007%2C%20after%20Hamas%20seized,security%20on%20the%20Palestinian%20side.",CURRENTLY_RATED_NOT_HELPFUL
46494,"The man was born Shimon, and Koshi is a nickname. He is quoted in Wikipedia as saying that the nickname was given to him because of his ethnic origin and skin color:  https://he.wikipedia.org/wiki/%D7%9B%D7%95%D7%A9%D7%99_%D7%A8%D7%99%D7%9E%D7%95%D7%9F?wprov=sfla1",CURRENTLY_RATED_NOT_HELPFUL
45145,"Hamas hospitalised this man. He was kidnapped, but not murdered.     https://www.maariv.co.il/breaking-news/Article-1056431",CURRENTLY_RATED_NOT_HELPFUL
109306,"210 Civilians were killed and more than 400 were wounded in Nuseirat, Gaza     https://www.aljazeera.com/news/liveblog/2024/6/8/israels-war-on-gaza-live-israeli-army-to-be-added-to-un-child-harm-list",CURRENTLY_RATED_NOT_HELPFUL
64383,"The funding change is only temporary and due to an ongoing investigation initiated by the UNRWA itself. The agency has already reprimanded 12 individuals and terminated contracts due to their involvement in the heinous attacks on Oct. 7, accounting for 0.04% of the staff.    https://amp.theguardian.com/australia-news/2024/jan/27/australia-pauses-un-agency-funding-as-staff-investigated-for-suspected-role-in-7-october-attack-on-israel ",CURRENTLY_RATED_NOT_HELPFUL
160054,OP is leaving out context surrounding this clip in which the streamer is not condoning rape but instead saying rape doesn't justify genocide.    Longer clip: https://x.com/HasanabiProd/status/1849651527394136382,CURRENTLY_RATED_NOT_HELPFUL
47637,"There are two versions of the same video, with  surrendered man holding weapon not in the same hand.   This makes Israel's propaganda intent clear and calls into question the Hamas has been defeated.  Also other differences between the two videos.  👇  https://twitter.com/NaksBilal/status/1733586352183140769?t=o76CWGnhdFVPMVTA-PivHg&amp;s=19",CURRENTLY_RATED_NOT_HELPFUL
137997,"Gaza Health Ministry numbers are in fact, incorrect. They are a vast undercount, as the Gaza Health Ministry is so rigorous with their data that only absolutely confirmed deaths are counted with certainty. The real numbers are very obviously far higher.    https://www.thenation.com/article/world/gaza-death-toll-evidence/",CURRENTLY_RATED_NOT_HELPFUL
136577,"This statement misses the important context that Israel recently assassinated Ismail Haniyeh; who was leading Hamas' side of the ceasefire negotiations — causing &quot;further delay&quot;, &quot;escalate[d] regional tensions&quot;, and &quot;further escalation.&quot;     https://time.com/7005713/hamas-ismail-haniyeh-assassination-iran-israel/  https://www.axios.com/2024/07/31/us-hamas-leader-assassination-gaza-hostage-ceasefire-deal",CURRENTLY_RATED_NOT_HELPFUL
157456,A person who fights for his country and nation is not a terrorist. Yahiya Sanwar is freedom fighter who fights for his people. ,CURRENTLY_RATED_NOT_HELPFUL
31900,Israel has been attacked by terrorists and has every right to defend itself. Israel attacks Hamas. Hamas attacked civilians and murdered children.,CURRENTLY_RATED_NOT_HELPFUL
131350,HAMAS is not terrorist,CURRENTLY_RATED_NOT_HELPFUL
40995,"There are what appear to be two rifles, several grenades, and two small bags, containing approximately five rifles each, shown in this video.    https://x.com/idf/status/1724934932718293286?s=46",CURRENTLY_RATED_NOT_HELPFUL
66951,There are thousands of photos of Israeli Police as well as Israeli military abusing and inflicting pain on innocent civilians. The links used to debunk this specific photo are biased and unreliable     https://twitter.com/AdameMedia/status/1754869872511627524?t=4gx1fMaMgkzbFGNxW6Kt3A&amp;s=19,CURRENTLY_RATED_NOT_HELPFUL
63420,"NNN, OP is political banter and rebuttal about the hate speech stereotype that Jewish people eat/suck the blood from babies' foreskin during circumcision. despite this actually somehow being a real thing, the tweet is obviously satirical. https://www.nyc.gov/site/doh/health/health-topics/safe-bris.page ",CURRENTLY_RATED_NOT_HELPFUL
136331,"The OP conflates a radical Islamist battlecry, “Palestine is ours from the river to the sea,” with criticism of the UK’s extension of anti-terrorism laws to individuals outside the UK’s borders, and Musk’s criticism of that extension.    https://ehlinelaw.com/blog/can-london-police-extradite-americans-for-anti-jihadi-posts-about-uk",CURRENTLY_RATED_NOT_HELPFUL
66948,"There is no evidence to suggest that any gay person is thrown off a building in Palestine. In fact it is legal to be gay in Palestine. This post is misleading, racist and attempts to demonize the Palestinian people in the face of imminent annihilation.    https://en.m.wikipedia.org/wiki/LGBT_rights_in_the_State_of_Palestine",CURRENTLY_RATED_NOT_HELPFUL
31612,"Picture is not neccesarily AI (aiornot.com can make mistakes), but it does not prove anything. It's propaganda to justify genocide.",CURRENTLY_RATED_NOT_HELPFUL
170331,"Ethical and moral? To quote Oxfam “More women and children have been killed in Gaza by the Israeli military over the past year than the equivalent period of any other conflict over the past two decades.    …more than 6,000 women and 11,000 children were killed in Gaza”    https://www.oxfam.org/en/press-releases/more-women-and-children-killed-gaza-israeli-military-any-other-recent-conflict",CURRENTLY_RATED_NOT_HELPFUL
152723,NNN Stop abusing community notes,CURRENTLY_RATED_NOT_HELPFUL
34474,I don't care if they're not real bullets. This action is cruel and despicable.,CURRENTLY_RATED_NOT_HELPFUL
160985,"This post contains an advert for a betting company, which is against the terms of service. This is an advert, not commentary.    https://x.com/tos",CURRENTLY_RATED_NOT_HELPFUL
59762,NNN: Clearly a meme account,CURRENTLY_RATED_NOT_HELPFUL
165400,This is a misrepresentation     The Maccabi fans STARTED the trouble by chanting “Death to all Arabs” &amp; supporting the genocide in Gaza     The other fans (understandably) reacted to this DELIBERATE provocation     https://youtu.be/FOVHJx4HSpw?si=CvACZ9rT63cYp6DN,CURRENTLY_RATED_NOT_HELPFUL
65569,"This person is sharing a historical video while expressing a personal opinion that he thinks Hitler was right. He is not hurting anyone or spreading misinformation, he is expressing his opinion.    This is freedom of speech. ",CURRENTLY_RATED_NOT_HELPFUL
39821,Discuss interpretation of the headbands in the comments. They are wearing attire that COULD resemble Hamas fighters. They're often found in pictures of posing heavily armed Hamas fighters wearing alike balaclavas. Sometimes even children holding automatic weapons.    https://media-cldnry.s-nbcnews.com/image/upload/rockcms/2023-10/231009-gaza-city-hamas-fighters-masks-weapons-2017-ac-1108p-1bb51e.jpg  https://www.reuters.com/resizer/1nmZoyE-MiSWQ0UHyyFFjgon6XM=/1080x565/smart/filters:quality(80)/cloudfront-us-east-2.images.arcpublishing.com/reuters/JVCKESBXYFNOJIPT2LH5UGT5WA.jpg  https://www.aljazeera.com/wp-content/uploads/2023/10/GettyImages-1544209168-1697002603.jpg?resize=770%2C513&amp;quality=80  https://upload.wikimedia.org/wikipedia/commons/thumb/6/61/25th_anniversary_of_Hamas_%2818%29.jpg/351px-25th_anniversary_of_Hamas_%2818%29.jpg,CURRENTLY_RATED_NOT_HELPFUL
54854,"Israel has banned, since 2007, the entering of construction materials.   So in order to build tunnels, which need far less construction materials than building a school, hospital.., construction materials were smuggled into gaza.  https://amp.cnn.com/cnn/2023/10/28/middleeast/hamas-tunnels-gaza-intl/index.html",CURRENTLY_RATED_NOT_HELPFUL
41731,This video contains an edit at 1.12 where the film grain/resolution changes as well as the back lighting of the camera. This calls in to question the authenticity of the claim that the latter part of this video is a tunnel under Al-Shifa Hospital    https://twitter.com/IDF/status/1726284807351472556?t=V7dmF2Ry5cIjrQb8-jqt-w&amp;s=19,CURRENTLY_RATED_NOT_HELPFUL
41689,"No evidence exists for rape by Hamas yet, but is being pursued:    https://www.timesofisrael.com/amid-war-and-urgent-need-to-id-bodies-evidence-of-hamass-october-7-rapes-slips-away/",CURRENTLY_RATED_NOT_HELPFUL
88619,Isreal dragged Iran to the war. Israel is the culprit   https://www.dw.com/en/iranian-embassy-attack-has-israel-middle-east-on-edge/a-68726461,CURRENTLY_RATED_NOT_HELPFUL
86574,This is zionism. Plain and clear.,CURRENTLY_RATED_NOT_HELPFUL
87672,"NNN - The IDF isn’t a credible, unbiased source of news about the IDF’s war crimes. Stupid. ",CURRENTLY_RATED_NOT_HELPFUL
165382,‘From a chronological standpoint’ you sound stupid. That’s like stating Donald Trump stopped gun violence because for 1 day nobody shot someone after he was elected. This post is very misleading. Vote yes on the top note.    https://stopthebiasnotes.com,CURRENTLY_RATED_NOT_HELPFUL
154937,"Jesus was Jew, there are historical facts proving it. In those times no one was called &quot;Palestinian&quot;. I suppose this post is to support Palestinians (Hamas, Hezbollah, etc) against Israel. https://en.wikipedia.org/wiki/Hezbollah",CURRENTLY_RATED_NOT_HELPFUL
108890,What was targeted was a warehouse of children's toys inside the school  This is a video testimony of a bombing survivor  https://x.com/tamerqdh/status/1799127144527753247,CURRENTLY_RATED_NOT_HELPFUL
105699,"The US and UK military bombed Houthi positions in Yemen, in order to reduce their ability to strike civilian shipping in the gulf.     There is no Israeli genocide in Gaza, or anywhere else, and as such there is none to support.    https://ukdefencejournal.org.uk/british-jets-bomb-houthi-rebels-in-yemen/",CURRENTLY_RATED_NOT_HELPFUL
95649,"Sugar was not and has never been banned, even while cookies was banned. The banning of cookies was seemingly unjustified punishment and was later allowed back into Gaza.  https://www.haaretz.com/hblocked?returnTo=https%3A%2F%2Fwww.haaretz.com%2F2009-05-17%2Fty-article%2Famira-hass-israel-bans-books-music-and-clothes-from-entering-gaza%2F0000017f-f124-da6f-a77f-f92e347a0000  https://www.ynetnews.com/articles/0,7340,L-3902661,00.html",CURRENTLY_RATED_NOT_HELPFUL
91947,NNN; JewOConfirmed is a well known propagandist hasbara account. They are numerous examples of the account blatantly lying. ,CURRENTLY_RATED_NOT_HELPFUL
155184,The lack of blood dripping from such an alleged injury indicates that this is staged and not a real injury.    https://x.com/GAZAWOOD1/status/1844362835528474677,CURRENTLY_RATED_NOT_HELPFUL
153541,"The claim is misleading. The land in question is part of Israel, recognized under international law and historic ties. Israel defends its territory against terror threats, and accusations of “stealing” land distort the legal and historical context of Israeli sovereignty.    https://is.gd/cNdzwJ",CURRENTLY_RATED_NOT_HELPFUL
43813,NNN. Stop abusing community notes. All provided notes so far are irrelevant to the post.,CURRENTLY_RATED_NOT_HELPFUL
64532,NNN zionists stop abusing community notes challenge,CURRENTLY_RATED_NOT_HELPFUL
101966,East Jerusalem has been illegally occupied by Israel since 1967:    https://www.btselem.org/topic/jerusalem    https://en.wikipedia.org/wiki/Legality_of_the_Israeli_occupation_of_Palestine?wprov=sfti1#Background,CURRENTLY_RATED_NOT_HELPFUL
126241,"Apples to oranges comparison. The first picture shows civilians rounded up simply for their heritage/ethnicity. The second picture shows &quot;soldiers&quot; (Hamas terrorists) who've hidden behind civilians, captured after attacking civilians.  https://nationalpost.com/news/world/israel-middle-east/global-rights-group-hamas-war-crimes",CURRENTLY_RATED_NOT_HELPFUL
53809,Blinken offering kudos to an industry that the public has little confidence in; trust in the media is at an all time low.  Gallup Oct 2023:  https://news.gallup.com/poll/512861/media-confidence-matches-2016-record-low.aspx,CURRENTLY_RATED_NOT_HELPFUL
49086,NNN. There's a war going on- you want the soldiers hunting terrorists to put their shoes at the fucking door?,CURRENTLY_RATED_NOT_HELPFUL
59689,NNN. Community Notes are not for expressing personal thoughts on a topic. Dictionary definitions of a term are NOT supportive evidence that it applies to a situation.,CURRENTLY_RATED_NOT_HELPFUL
37702,IDF has confirmed that they targeted the ambulance      https://x.com/idf/status/1720510816930157050,CURRENTLY_RATED_NOT_HELPFUL
